{
    "class_to_id_map": {
        "dilireba": 0,
        "jiangwen": 1,
        "lipeiyu": 2,
        "pengyuyan": 3,
        "zhangziyi": 4,
        "zhaoliying": 5
    },
    "data_statistics": {
        "total_classes": 6,
        "total_images": 731,
        "train_set_count": 509,
        "test_set_count": 151,
        "acceptance_set_count": 71,
        "images_per_class": {
            "dilireba": 112,
            "jiangwen": 133,
            "lipeiyu": 115,
            "pengyuyan": 114,
            "zhangziyi": 100,
            "zhaoliying": 157
        }
    },
    "generation_parameters": {
        "data_root_path": "data/face",
        "train_list_name": "trainer.list",
        "test_list_name": "test.list",
        "acceptance_list_name": "acceptance.list",
        "meta_file_name": "readme.json",
        "train_ratio_config": 0.7,
        "acceptance_ratio_config": 0.1,
        "effective_test_ratio": 0.20656634746922026
    }
}